{
    "comment": null,
    "TripInteraction_1_had_rbf": 5.5737762451171875,
    "TripInteraction_1_sum_cbf": 1.7056342363357544,
    "AtomUpdate_1_sum": 0.4618416130542755,
    "TripInteraction_2_had_rbf": 4.484927177429199,
    "TripInteraction_2_sum_cbf": 1.6062310934066772,
    "AtomUpdate_2_sum": 0.4112415015697479,
    "TripInteraction_3_had_rbf": 4.911035060882568,
    "TripInteraction_3_sum_cbf": 1.630189299583435,
    "AtomUpdate_3_sum": 0.3454769253730774,
    "TripInteraction_4_had_rbf": 5.3377461433410645,
    "TripInteraction_4_sum_cbf": 1.6658427715301514,
    "AtomUpdate_4_sum": 0.32520249485969543,
    "OutBlock_0_sum": 0.4573551118373871,
    "OutBlock_0_had": 4.61002254486084,
    "OutBlock_1_sum": 0.45900964736938477,
    "OutBlock_1_had": 4.356435298919678,
    "OutBlock_2_sum": 0.3811725676059723,
    "OutBlock_2_had": 4.245356559753418,
    "OutBlock_3_sum": 0.37914782762527466,
    "OutBlock_3_had": 4.587994575500488,
    "OutBlock_4_sum": 0.3253774642944336,
    "OutBlock_4_had": 5.189902305603027
}