{
    "comment": null,
    "TripInteraction_1_had_rbf": 3.9720029830932617,
    "TripInteraction_1_sum_cbf": 2.133086919784546,
    "AtomUpdate_1_sum": 0.6158733367919922,
    "TripInteraction_2_had_rbf": 3.597200632095337,
    "TripInteraction_2_sum_cbf": 2.0771214962005615,
    "AtomUpdate_2_sum": 0.4976757764816284,
    "TripInteraction_3_had_rbf": 3.8365020751953125,
    "TripInteraction_3_sum_cbf": 2.0394160747528076,
    "AtomUpdate_3_sum": 0.39257684350013733,
    "TripInteraction_4_had_rbf": 3.9046010971069336,
    "TripInteraction_4_sum_cbf": 2.099813222885132,
    "AtomUpdate_4_sum": 0.46566471457481384,
    "OutBlock_0_sum": 0.6115648150444031,
    "OutBlock_0_had": 3.732174873352051,
    "OutBlock_1_sum": 0.5139416456222534,
    "OutBlock_1_had": 3.6697442531585693,
    "OutBlock_2_sum": 0.4596453011035919,
    "OutBlock_2_had": 3.6231987476348877,
    "OutBlock_3_sum": 0.49535492062568665,
    "OutBlock_3_had": 3.5756115913391113,
    "OutBlock_4_sum": 0.4333173930644989,
    "OutBlock_4_had": 3.768071413040161
}