{
    "comment": null,
    "TripInteraction_1_had_rbf": 6.074735164642334,
    "TripInteraction_1_sum_cbf": 2.643386125564575,
    "AtomUpdate_1_sum": 0.6294099688529968,
    "TripInteraction_2_had_rbf": 5.459280014038086,
    "TripInteraction_2_sum_cbf": 2.8160929679870605,
    "AtomUpdate_2_sum": 0.6374367475509644,
    "TripInteraction_3_had_rbf": 5.262460231781006,
    "TripInteraction_3_sum_cbf": 2.5424845218658447,
    "AtomUpdate_3_sum": 0.561196506023407,
    "TripInteraction_4_had_rbf": 5.5935187339782715,
    "TripInteraction_4_sum_cbf": 2.9127252101898193,
    "AtomUpdate_4_sum": 0.6214905977249146,
    "OutBlock_0_sum": 0.8549189567565918,
    "OutBlock_1_sum": 0.7073656916618347,
    "OutBlock_2_sum": 0.6550492644309998,
    "OutBlock_3_sum": 0.6138262152671814,
    "OutBlock_4_sum": 0.6996177434921265
}