{
    "comment": null,
    "TripInteraction_1_had_rbf": 6.074735164642334,
    "TripInteraction_1_sum_cbf": 2.643386125564575,
    "AtomUpdate_1_sum": 0.6294099688529968,
    "TripInteraction_2_had_rbf": 5.459280014038086,
    "TripInteraction_2_sum_cbf": 2.8160929679870605,
    "AtomUpdate_2_sum": 0.6374367475509644,
    "TripInteraction_3_had_rbf": 5.262460231781006,
    "TripInteraction_3_sum_cbf": 2.5424845218658447,
    "AtomUpdate_3_sum": 0.561196506023407,
    "TripInteraction_4_had_rbf": 5.5935187339782715,
    "TripInteraction_4_sum_cbf": 2.9127252101898193,
    "AtomUpdate_4_sum": 0.6214906573295593,
    "OutBlock_0_sum": 0.8549189567565918,
    "OutBlock_0_had": 6.044666767120361,
    "OutBlock_1_sum": 0.6930992007255554,
    "OutBlock_1_had": 5.088397979736328,
    "OutBlock_2_sum": 0.7165416479110718,
    "OutBlock_2_had": 4.458869934082031,
    "OutBlock_3_sum": 0.7415679097175598,
    "OutBlock_3_had": 4.5923991203308105,
    "OutBlock_4_sum": 0.684806764125824,
    "OutBlock_4_had": 5.620660781860352
}